state_x,state_y,carrying,wall_up,wall_down,wall_left,wall_right,action,q_value
0,0,0,1,0,1,0,0,290.331671
1,0,0,0,0,1,1,1,277.22005
1,0,0,0,0,1,1,0,306.048151
2,0,1,0,0,1,0,1,260.530392
1,0,1,0,0,1,1,0,280.086295
2,0,1,0,0,1,0,0,300.915751
3,0,1,0,0,1,0,0,315.735884
4,0,1,0,0,1,0,0,325.555978
5,0,1,0,0,1,0,2,344.791225
5,1,0,0,0,0,1,0,314.34187
6,1,0,0,1,0,0,3,318.467662
6,0,0,0,0,1,0,0,336.28306
7,0,0,0,0,1,1,0,352.825806
8,0,0,0,0,1,0,0,369.356257
9,0,0,0,0,1,0,0,382.136355
10,0,0,0,0,1,0,0,363.053125
11,0,0,0,0,1,1,0,391.536161
12,0,1,0,0,1,0,2,395.132415
12,1,1,1,0,0,0,2,412.080783
12,2,1,0,1,0,0,1,434.206529
11,2,0,0,0,1,1,1,414.759875
10,2,1,0,0,0,0,1,386.531946
9,2,1,0,0,0,0,0,407.86299
9,2,1,0,0,0,0,1,390.824842
8,2,1,0,0,0,0,2,403.394104
8,3,0,0,0,0,0,0,362.382307
9,3,0,0,0,0,0,3,379.116175
9,2,0,0,0,0,0,1,383.661112
8,2,0,0,0,0,0,0,423.091922
9,2,0,0,0,0,0,3,384.93589
9,1,0,0,0,0,0,0,403.348949
10,1,0,0,1,0,0,2,396.61755
10,2,0,0,0,0,0,2,375.056598
10,3,0,0,1,0,0,2,354.576874
10,4,0,0,0,0,0,2,364.095731
10,5,1,0,0,0,0,0,346.53365
11,5,1,0,0,0,1,0,352.088584
12,5,1,0,0,0,0,0,332.792644
13,5,1,0,0,1,1,0,318.341984
14,5,1,0,0,0,1,1,325.287128
13,5,1,0,0,1,1,1,351.354296
14,5,1,0,0,0,1,3,336.149847
14,4,1,1,1,0,0,3,355.676534
14,3,1,0,0,0,0,1,378.391116
13,3,0,0,0,1,1,1,347.664993
12,3,0,1,0,0,0,2,351.890644
12,4,0,0,1,0,0,2,372.030404
12,5,1,0,0,0,0,1,346.046768
12,5,1,0,0,0,0,3,365.864545
12,4,1,0,1,0,0,1,356.060225
11,4,1,0,0,1,0,2,346.514131
11,5,1,0,0,0,1,3,356.027973
11,5,1,0,0,0,1,1,365.800738
12,5,1,0,0,0,0,2,372.519866
12,6,1,1,1,0,0,2,393.743368
12,7,1,0,0,0,0,3,379.545412
12,7,1,0,0,0,0,1,419.099978
11,7,0,0,0,1,0,1,392.443394
10,7,0,0,0,0,0,2,414.252644
10,8,1,0,0,0,0,1,377.309283
9,8,1,0,0,0,0,1,369.80654
8,8,1,1,0,0,0,3,356.357796
8,7,1,0,0,0,0,1,347.889323
7,7,1,0,0,0,1,3,208.581713
7,6,0,1,0,0,0,3,319.528351
7,5,0,0,0,0,0,1,293.139061
6,5,0,0,0,1,1,1,286.157171
5,5,0,0,0,1,0,1,271.178769
4,5,0,0,0,0,1,1,268.140465
3,5,0,0,0,1,1,1,282.169819
2,5,1,0,0,0,0,0,282.459328
3,5,1,0,0,1,1,0,298.376173
4,5,1,0,0,0,1,3,315.132803
4,4,1,1,1,0,0,3,327.613731
4,3,1,0,0,0,0,0,344.475266
5,3,1,0,0,1,1,1,328.733434
4,3,1,0,0,0,0,1,332.832995
3,3,0,0,0,1,1,1,269.446919
2,3,0,1,0,0,0,3,270.668346
2,2,0,0,1,0,0,1,276.283151
1,2,0,0,0,1,1,0,272.477406
1,2,0,0,0,1,1,1,321.995224
0,2,1,1,0,0,0,0,327.711402
0,2,0,1,0,0,0,2,262.738357
0,3,0,1,1,0,0,2,258.670707
0,4,0,1,0,0,0,0,270.844584
1,4,0,0,0,1,0,1,258.773538
0,4,0,1,0,0,0,2,263.731328
0,5,1,1,0,0,0,0,266.913983
1,5,1,0,0,0,1,0,282.006925
2,5,1,0,0,0,0,1,267.003446
2,5,1,0,0,0,0,3,297.892693
2,4,1,0,1,0,0,1,280.01467
1,4,1,0,0,1,0,2,266.998158
2,5,1,0,0,0,0,2,287.615497
2,6,1,1,1,0,0,2,303.65793
2,7,1,0,0,0,0,1,320.662589
1,7,0,0,0,1,0,1,279.624023
0,7,0,1,0,0,0,2,298.521341
0,8,1,1,0,0,0,0,295.05813
1,8,1,0,0,0,0,2,280.94574
1,9,1,0,0,0,0,2,295.792505
1,10,1,0,0,0,1,1,280.545699
0,10,1,1,0,0,0,0,296.10432
1,10,1,0,0,0,1,0,312.401337
2,10,1,0,0,0,0,2,319.398709
2,11,1,1,0,0,0,0,333.060727
3,11,1,0,0,0,1,3,330.997337
3,10,1,0,0,0,0,0,349.717125
4,10,1,0,0,0,0,0,369.793856
5,10,1,0,0,0,0,2,390.687034
5,11,0,0,0,0,1,1,314.978099
4,11,0,0,0,0,0,1,296.864812
3,11,0,0,0,0,1,1,296.535254
2,11,0,1,0,0,0,3,328.087511
2,10,1,0,0,0,0,0,329.896144
3,10,1,0,0,0,0,3,313.458654
3,9,1,0,0,1,0,2,330.811816
3,10,1,0,0,0,0,2,337.950468
3,11,1,0,0,0,1,1,316.078243
2,11,1,1,0,0,0,2,322.765331
2,12,1,0,1,0,0,1,337.010231
1,12,0,0,0,1,1,1,301.310396
0,12,1,1,0,0,0,0,317.846226
1,12,1,0,0,1,1,0,323.121033
2,12,1,0,1,0,0,2,341.21848
2,13,1,1,0,0,0,0,364.225619
3,13,0,0,0,1,1,1,297.580516
2,13,0,1,0,0,0,2,312.754486
2,14,0,0,1,0,0,2,330.26238
2,15,1,0,0,0,0,1,292.475001
1,15,1,0,0,0,1,0,308.882472
1,15,1,0,0,0,1,3,308.918092
1,14,1,0,0,1,0,2,292.607254
2,15,1,0,0,0,0,2,292.120951
2,16,1,1,1,0,0,2,294.45941
2,17,1,0,0,0,0,1,313.781377
1,17,0,0,0,1,0,1,274.737917
0,17,0,1,0,0,0,2,290.250439
0,18,1,1,0,0,0,0,269.03046
1,18,1,0,0,0,0,0,277.014975
2,18,1,0,1,0,0,3,292.756106
2,17,1,0,0,0,0,0,306.577413
3,17,1,0,0,1,1,1,293.55599
3,17,1,0,0,1,1,0,323.840418
4,17,1,0,0,1,0,0,341.94103
5,17,1,0,0,0,1,0,361.121605
6,17,1,0,0,1,0,0,381.274744
7,17,1,0,0,0,1,3,402.397658
7,16,0,1,0,0,0,0,370.944934
8,16,0,0,0,0,0,0,389.12323
9,16,0,0,0,0,0,0,396.188109
10,16,0,0,1,0,0,3,420.046684
10,15,1,0,0,0,0,0,418.047567
11,15,1,0,0,0,1,3,443.531369
11,14,1,0,0,1,0,0,469.315974
12,14,1,0,1,0,0,3,495.546498
12,13,1,1,0,0,0,0,477.492661
13,13,0,0,0,1,1,1,450.362348
12,13,0,1,0,0,0,2,423.672269
12,14,0,0,1,0,0,3,448.643945
12,13,0,1,0,0,0,3,474.805696
12,12,0,0,1,0,0,1,497.661118
11,12,0,0,0,1,1,0,473.921794
11,12,0,0,0,1,1,1,530.592826
10,12,1,0,0,0,0,0,548.412685
12,12,0,0,1,0,0,3,452.418074
12,11,0,1,0,0,0,3,432.186726
12,10,1,0,0,0,0,3,418.097178
12,9,1,0,0,0,0,0,402.856931
13,9,1,0,0,1,0,0,386.608331
14,9,1,0,0,0,0,0,373.741087
15,9,1,0,0,1,0,2,389.663977
15,10,1,0,0,0,0,2,436.493497
15,11,0,0,0,0,1,1,411.948964
14,11,0,0,0,0,0,1,433.075176
13,11,0,0,0,0,1,1,453.12062
12,11,0,1,0,0,0,2,474.114695
12,12,0,0,1,0,0,2,450.058271
12,14,0,0,1,0,0,2,446.373995
12,15,1,0,0,0,0,1,420.727685
11,14,1,0,0,1,0,2,420.792703
11,15,1,0,0,0,1,0,444.033575
12,15,1,0,0,0,0,0,408.56381
13,15,1,0,0,1,1,1,433.148861
12,15,1,0,0,0,0,2,393.340682
12,16,1,1,1,0,0,2,398.365273
12,17,1,0,0,0,0,1,420.369841
11,17,0,0,0,1,0,1,389.842282
10,17,0,0,0,0,0,2,399.059168
10,18,1,0,0,0,0,1,363.525023
9,18,1,0,0,0,0,1,344.83407
8,18,1,1,0,0,0,3,363.799656
8,17,1,0,0,0,0,3,383.447872
8,16,1,0,0,0,0,3,385.255885
8,15,1,0,0,0,0,0,406.075969
9,15,1,0,0,0,0,1,384.953438
8,15,1,0,0,0,0,3,405.21348
8,14,1,0,0,0,0,3,397.237185
8,13,0,0,0,0,0,1,379.536719
7,13,0,0,0,0,0,1,375.603693
6,13,0,0,0,0,1,1,350.028503
5,13,0,0,0,1,1,0,370.071888
5,13,0,0,0,1,1,1,331.884709
4,13,0,0,0,0,0,1,314.357183
2,14,0,0,1,0,0,1,295.221287
1,14,0,0,0,1,0,1,281.205855
0,14,0,1,0,0,0,2,291.540557
0,15,1,1,0,0,0,0,292.601588
2,15,1,0,0,0,0,0,306.879099
3,15,1,0,0,1,1,0,324.070627
4,15,1,0,0,0,1,0,342.176329
5,15,1,0,0,1,0,0,361.234566
6,15,1,0,0,1,1,0,381.299371
7,15,1,0,0,0,0,0,385.212529
9,15,1,0,0,0,0,0,426.533457
10,15,1,0,0,0,0,3,449.146616
10,14,1,0,0,0,0,0,442.126108
12,14,1,0,1,0,0,2,434.739864
13,15,1,0,0,1,1,0,389.243492
14,15,1,0,0,0,1,0,361.077779
15,15,1,0,0,1,0,0,349.895604
16,15,1,0,0,1,1,0,331.442163
17,15,1,0,0,0,0,2,197.610059
6,1,0,0,1,0,0,2,339.618022
6,2,0,1,0,0,0,2,324.507471
6,3,0,0,0,0,1,0,342.471834
7,3,0,0,0,0,0,1,329.189619
7,3,0,0,0,0,0,0,350.955862
9,3,0,0,0,0,0,0,375.377991
11,4,1,0,0,1,0,0,364.60298
12,4,1,0,1,0,0,3,384.76489
12,3,1,1,0,0,0,0,378.324822
12,4,1,0,1,0,0,2,355.194477
12,3,1,1,0,0,0,3,409.087203
8,3,0,0,0,0,0,2,353.688102
8,4,0,0,0,0,0,0,357.085548
9,4,0,0,0,0,0,2,357.436743
9,5,0,0,0,0,0,0,360.418264
10,5,0,0,0,0,0,2,370.324787
10,6,0,0,1,0,0,2,392.246414
10,8,1,0,0,0,0,0,404.809118
11,8,1,0,0,0,0,3,423.618625
11,7,0,0,0,1,0,0,375.179991
12,7,0,0,0,0,0,2,410.009148
12,8,0,0,1,0,0,2,447.410258
12,9,0,0,0,0,0,2,445.915512
12,10,1,0,0,0,0,1,450.418689
11,10,1,0,0,0,1,0,480.002277
12,10,1,0,0,0,0,2,506.687995
12,11,1,1,0,0,0,2,529.529897
12,12,1,0,1,0,0,1,552.950801
10,12,1,0,0,0,0,1,495.177975
9,12,1,0,0,0,0,1,458.272239
8,12,1,0,0,0,0,2,450.661937
8,13,0,0,0,0,0,0,426.752214
9,13,0,0,0,0,0,0,452.053592
10,13,0,0,1,0,0,1,429.739351
10,13,0,0,1,0,0,2,418.614406
10,14,0,0,0,0,0,2,416.717209
14,15,1,0,0,0,1,1,410.491275
11,17,0,0,0,1,0,2,371.920536
11,18,0,0,0,0,0,1,399.230206
8,17,1,0,0,0,0,1,381.184916
10,16,0,0,1,0,0,2,389.914163
10,17,0,0,0,0,0,0,372.713368
11,17,0,0,0,1,0,0,379.798092
12,17,0,0,0,0,0,3,400.910438
12,16,0,1,1,0,0,3,408.143718
17,16,0,1,0,0,0,3,314.134593
17,15,0,0,0,0,0,1,331.769164
16,15,0,0,0,1,1,1,350.341121
15,15,0,0,0,1,0,1,380.818963
14,15,0,0,0,0,1,1,390.511893
13,15,0,0,0,1,1,1,395.219628
12,15,0,0,0,0,0,1,402.816628
11,15,0,0,0,0,1,1,420.783621
10,15,0,0,0,0,0,1,419.663868
9,15,0,0,0,0,0,1,394.311168
8,15,0,0,0,0,0,1,366.267338
7,15,0,0,0,0,0,1,349.024471
6,15,0,0,0,1,1,1,326.645963
5,15,0,0,0,1,0,0,344.890489
5,15,0,0,0,1,0,1,308.9603
4,15,0,0,0,0,1,0,326.29379
4,15,0,0,0,0,1,1,310.698612
3,15,0,0,0,1,1,1,328.519446
4,15,1,0,0,0,1,1,306.869428
5,15,1,0,0,1,0,1,324.077656
3,15,1,0,0,1,1,1,308.939652
4,15,1,0,0,0,1,3,327.820338
4,14,1,1,1,0,0,3,344.756164
4,13,1,0,0,0,0,1,356.499536
2,13,0,1,0,0,0,3,293.900854
2,12,0,0,1,0,0,1,289.558022
1,12,0,0,0,1,1,0,293.864877
2,12,0,0,1,0,0,3,309.256692
2,11,0,1,0,0,0,0,299.334146
3,11,0,0,0,0,1,0,313.421548
4,10,1,0,0,0,0,1,329.87686
2,10,0,0,0,0,0,1,300.860563
1,10,0,0,0,0,1,1,274.804185
0,10,0,1,0,0,0,3,284.34862
0,9,0,1,0,0,0,3,298.291349
1,8,1,0,0,0,0,3,311.644487
1,7,0,0,0,1,0,0,282.818777
2,7,0,0,0,0,0,3,288.057162
2,6,0,1,1,0,0,3,303.154137
4,5,1,0,0,0,1,1,282.457401
3,3,0,0,0,1,1,0,300.360242
4,3,0,0,0,0,0,1,281.269571
2,3,0,1,0,0,0,0,284.075757
0,2,1,1,0,0,0,3,278.287459
0,1,1,1,1,0,0,2,286.694096
0,2,1,1,0,0,0,2,288.398762
0,3,1,1,1,0,0,3,304.521975
0,1,1,1,1,0,0,3,268.413054
0,0,1,1,0,1,0,2,274.276535
0,3,0,1,1,0,0,3,295.295619
4,5,1,0,0,0,1,0,314.729162
5,5,1,0,0,1,0,1,298.386967
5,5,1,0,0,1,0,2,299.726117
5,6,1,1,1,0,0,2,311.927559
5,7,1,0,0,0,1,0,329.507157
6,7,1,0,0,1,0,0,347.903311
7,6,0,1,0,0,0,0,333.819519
8,6,0,0,0,0,0,0,352.376485
9,6,0,0,0,0,0,3,354.720811
10,5,0,0,0,0,0,0,367.4375
11,5,0,0,0,0,1,0,357.883609
12,5,0,0,0,0,0,3,353.231176
12,4,0,0,1,0,0,3,341.523572
12,3,0,1,0,0,0,3,359.282415
12,2,0,0,1,0,0,3,374.985291
12,1,0,1,0,0,0,3,395.646481
12,0,1,0,0,1,0,0,357.171367
13,0,1,0,0,1,0,0,335.964218
14,0,1,0,0,1,0,0,346.208669
15,0,1,0,0,1,0,2,365.582926
15,1,0,0,0,0,1,3,304.393019
15,0,0,0,0,1,0,1,322.77848
14,0,0,0,0,1,0,1,340.852571
13,0,0,0,0,1,0,1,348.341823
12,0,0,0,0,1,0,0,340.888826
12,0,0,0,0,1,0,1,366.20478
11,0,0,0,0,1,1,1,382.743231
10,0,0,0,0,1,0,1,365.605545
9,0,0,0,0,1,0,1,352.825587
8,0,0,0,0,1,0,1,334.707399
7,0,0,0,0,1,1,1,318.451881
6,0,0,0,0,1,0,1,302.394203
5,0,0,0,0,1,0,2,315.014964
5,1,0,0,0,0,1,1,306.635417
4,1,0,0,0,0,0,1,280.786925
3,1,0,0,0,0,1,3,272.423873
3,0,0,0,0,1,0,1,282.170243
2,0,0,0,0,1,0,1,295.4607
0,0,0,1,0,1,0,2,271.444827
0,1,0,1,1,0,0,2,281.693643
0,5,0,1,0,0,0,2,258.402689
0,6,0,1,1,0,0,2,268.858453
0,8,0,1,0,0,0,3,281.332921
0,8,0,1,0,0,0,2,285.081818
0,9,0,1,0,0,0,0,300.78766
1,9,0,0,0,0,0,1,284.807504
0,9,0,1,0,0,0,2,274.595231
0,10,0,1,0,0,0,2,269.873356
0,11,0,1,1,0,0,2,285.054946
0,12,0,1,0,0,0,2,265.897301
0,13,0,1,1,0,0,2,279.207416
0,14,0,1,0,0,0,3,269.909475
1,15,1,0,0,0,1,1,277.895229
0,15,1,1,0,0,0,2,270.591778
0,16,1,1,1,0,0,2,292.175097
0,17,1,1,0,0,0,0,313.954169
6,17,1,0,0,1,0,2,328.691397
6,18,1,1,1,0,0,3,345.521141
7,17,1,0,0,0,1,0,364.827705
8,17,1,0,0,0,0,0,371.29428
9,17,1,0,0,0,0,0,384.902832
10,17,1,0,0,0,0,0,386.090612
11,17,1,0,0,1,0,0,398.415868
12,17,1,0,0,0,0,0,383.3115
13,17,1,0,0,1,1,0,362.67533
14,17,1,0,0,1,0,1,381.420577
13,17,1,0,0,1,1,1,401.14233
12,17,1,0,0,0,0,2,383.242552
12,18,1,0,1,0,0,3,399.60164
14,17,1,0,0,1,0,0,345.135265
15,17,1,0,0,0,1,1,364.062716
14,17,1,0,0,1,0,2,345.524149
14,18,1,1,1,0,0,3,366.7765
14,18,1,1,1,0,0,2,314.791415
14,19,1,0,0,0,1,1,332.498888
13,19,1,0,0,1,1,0,314.816452
13,19,1,0,0,1,1,1,351.054136
12,19,1,0,0,0,1,0,331.762066
14,19,1,0,0,0,1,3,339.685186
14,19,1,0,0,0,1,0,299.04388
15,19,1,0,0,1,1,1,315.830651
12,19,1,0,0,0,1,1,369.612518
11,19,1,0,0,0,1,0,351.113213
12,17,1,0,0,0,0,3,391.514912
4,0,1,0,0,1,0,1,311.803466
6,2,0,1,0,0,0,0,363.521024
7,2,0,0,0,1,0,0,399.651183
9,2,0,0,0,0,0,0,395.976118
10,2,1,0,0,0,0,0,440.742809
11,2,0,0,0,1,1,0,372.045678
15,1,0,0,0,0,1,1,332.227496
14,1,0,0,0,0,0,2,319.972078
14,2,0,1,1,0,0,2,315.496116
14,3,0,0,0,0,0,1,324.43881
12,4,0,0,1,0,0,1,341.657836
11,4,0,0,0,1,0,1,355.418455
10,5,1,0,0,0,0,3,377.685599
10,4,1,0,0,0,0,0,358.259051
10,4,1,0,0,0,0,1,385.596697
9,4,1,0,0,0,0,1,370.05083
8,4,1,0,0,0,0,3,203.00702
8,3,0,0,0,0,0,1,336.713325
6,3,0,0,0,0,1,1,317.876578
5,3,0,0,0,1,1,1,301.271655
4,3,0,0,0,0,0,2,284.211853
4,4,0,1,1,0,0,2,272.055535
3,5,1,0,0,1,1,1,282.149747
0,2,0,1,0,0,0,0,290.233243
2,10,1,0,0,0,0,1,295.781236
1,10,1,0,0,0,1,3,281.034932
1,9,1,0,0,0,0,1,271.878326
0,9,1,1,0,0,0,0,281.113423
2,10,1,0,0,0,0,3,296.755877
2,9,1,0,0,0,0,1,281.327876
2,13,1,1,0,0,0,2,326.417617
2,14,1,0,1,0,0,3,344.283469
1,14,0,0,0,1,0,0,312.117758
2,15,1,0,0,0,0,3,326.191598
2,14,1,0,1,0,0,1,308.97253
1,14,1,0,0,1,0,0,326.22598
3,13,1,0,0,1,1,0,345.160439
4,13,1,0,0,0,0,0,362.951792
5,13,1,0,0,1,1,0,381.621676
6,13,1,0,0,0,1,1,361.760684
6,13,1,0,0,0,1,0,401.906843
7,13,1,0,0,0,0,0,234.232167
10,13,0,0,1,0,0,3,477.673042
12,10,1,0,0,0,0,0,420.878144
13,10,1,0,0,0,0,0,404.631321
14,10,1,0,0,0,0,0,412.547774
15,10,1,0,0,0,0,0,370.675789
16,10,1,0,0,0,0,1,387.467052
16,10,1,0,0,0,0,3,338.618175
16,9,1,0,0,0,0,1,377.98954
14,11,0,0,0,0,0,0,373.057877
15,11,0,0,0,0,1,0,344.455297
16,11,0,0,1,0,0,3,327.1759
16,10,0,0,0,0,0,1,366.428873
15,10,0,0,0,0,0,3,367.073054
15,9,0,0,0,1,0,2,-0.5
15,10,0,0,0,0,0,1,389.730752
14,10,0,0,0,0,0,1,411.667355
13,10,0,0,0,0,0,1,419.135652
12,10,0,0,0,0,0,1,404.317654
11,10,0,0,0,0,1,1,402.595259
10,10,0,0,0,0,0,3,394.661682
10,9,0,0,0,0,0,0,416.488482
11,9,0,0,0,0,0,1,395.118614
10,9,0,0,0,0,0,3,414.253738
12,10,0,0,0,0,0,2,441.067721
12,13,0,1,0,0,0,0,412.548187
16,15,0,0,0,1,1,0,311.491798
13,15,0,0,0,1,1,0,368.689422
12,15,0,0,0,0,0,3,412.329561
12,14,0,0,1,0,0,1,396.301838
11,14,0,0,0,1,0,1,422.30885
17,16,1,1,0,0,0,0,255.437239
18,16,1,0,0,0,0,3,314.186182
18,15,1,0,0,0,0,3,294.31581
18,14,1,0,0,0,0,1,261.319416
17,14,1,1,0,0,0,0,293.901464
18,14,1,0,0,0,0,3,88.474335
18,13,0,0,0,0,0,1,322.861946
17,13,0,0,0,0,0,1,346.519814
16,13,0,0,0,0,1,1,369.62052
15,13,0,0,0,1,1,1,383.5008
14,13,0,0,0,0,0,1,397.232834
10,14,0,0,0,0,0,3,446.216601
10,14,0,0,0,0,0,1,419.216827
9,14,0,0,0,0,0,0,422.428015
10,15,0,0,0,0,0,2,399.400454
10,18,1,0,0,0,0,0,398.931847
11,18,1,0,0,0,0,3,420.372024
10,17,0,0,0,0,0,1,376.121995
9,17,0,0,0,0,0,1,360.246447
8,17,0,0,0,0,0,3,373.217899
8,16,0,0,0,0,0,1,352.88411
7,16,0,1,0,0,0,3,370.542488
2,15,0,0,0,0,0,1,297.609312
1,15,0,0,0,0,1,1,297.079487
0,15,1,1,0,0,0,3,293.573914
0,14,1,1,0,0,0,0,309.285333
2,16,1,1,1,0,0,3,308.854791
6,17,1,0,0,1,0,1,336.836268
2,15,0,0,0,0,0,2,302.440603
2,16,0,1,1,0,0,3,324.712506
2,15,0,0,0,0,0,3,311.165817
2,14,0,0,1,0,0,3,297.590403
3,9,1,0,0,1,0,0,330.902577
4,9,1,0,0,0,0,0,349.364101
5,9,1,0,0,1,0,2,368.758783
5,0,1,0,0,1,0,1,321.373378
8,2,0,0,0,0,0,3,367.681027
8,1,0,1,0,0,0,0,385.76042
10,2,1,0,0,0,0,2,394.60082
10,3,1,0,1,0,0,1,391.899341
9,3,1,0,0,0,0,1,401.279795
8,3,0,0,0,0,0,3,392.534379
14,1,0,0,0,0,0,1,351.616413
13,1,0,0,0,0,1,1,375.831473
12,1,0,1,0,0,0,2,368.284872
12,2,0,0,1,0,0,2,336.088441
14,5,1,0,0,0,1,0,311.381148
15,5,1,0,0,1,0,0,297.196459
16,5,1,0,0,1,1,0,314.206016
17,5,1,0,0,0,0,2,333.407947
17,6,0,1,0,0,0,2,298.657031
17,7,0,0,0,0,1,1,316.213307
16,7,0,0,0,1,0,1,337.78845
15,7,0,0,0,0,1,1,358.331119
14,7,0,0,0,1,0,1,368.546004
13,7,0,0,0,1,1,1,379.103649
12,7,0,0,0,0,0,1,376.116811
8,12,1,0,0,0,0,3,431.978274
8,11,1,1,0,0,0,2,461.90817
9,13,0,0,0,0,0,1,389.109812
17,16,0,1,0,0,0,0,284.345153
18,16,0,0,0,0,0,2,232.410435
18,17,0,0,0,0,0,1,284.25182
17,17,0,0,0,0,1,1,298.539778
16,17,0,0,0,1,0,1,315.708727
15,17,0,0,0,0,1,1,333.454563
14,17,0,0,0,1,0,1,355.332337
13,17,0,0,0,1,1,1,379.618591
14,15,1,0,0,0,1,3,409.563056
14,14,1,1,1,0,0,3,428.720986
14,13,1,0,0,0,0,1,438.99609
10,16,0,0,1,0,0,1,389.918128
8,17,0,0,0,0,0,1,336.638617
7,17,0,0,0,0,1,1,320.341984
6,17,0,0,0,1,0,1,301.448543
5,17,0,0,0,0,1,1,287.011179
4,17,0,0,0,1,0,1,272.83912
3,17,0,0,0,1,1,0,288.243687
3,17,0,0,0,1,1,1,277.369279
2,17,0,0,0,0,0,3,300.186556
7,15,1,0,0,0,0,2,402.419662
1,9,1,0,0,0,0,3,294.279732
1,7,1,0,0,1,0,0,303.635114
2,7,1,0,0,0,0,0,289.441854
3,7,1,0,0,1,1,0,296.041115
4,7,1,0,0,1,0,2,312.674862
4,8,1,1,1,0,0,2,330.184107
5,11,0,0,0,0,1,3,341.477198
5,10,0,0,0,0,0,1,320.708853
4,10,0,0,0,0,0,2,317.256947
0,7,0,1,0,0,0,3,261.611919
0,6,0,1,1,0,0,3,272.761481
1,5,1,0,0,0,1,3,278.133878
1,4,1,0,0,1,0,0,295.793681
2,4,1,0,1,0,0,3,314.309504
2,3,1,1,0,0,0,0,333.413158
2,3,0,1,0,0,0,2,284.42725
2,4,0,0,1,0,0,1,271.794394
1,4,0,0,0,1,0,0,287.006445
2,4,0,0,1,0,0,2,302.246352
2,4,1,0,1,0,0,2,282.451701
2,3,1,1,0,0,0,3,317.015314
2,2,1,0,1,0,0,1,339.211623
1,2,1,0,0,1,1,0,292.555673
2,2,1,0,1,0,0,2,313.33145
3,3,1,0,0,1,1,0,330.376725
5,3,1,0,0,1,1,0,363.39097
6,3,1,0,0,0,1,1,344.484788
6,3,1,0,0,0,1,0,383.338719
7,3,1,0,0,0,0,3,386.085426
7,2,1,0,0,1,0,2,378.615712
7,3,1,0,0,0,0,1,367.48802
7,3,1,0,0,0,0,0,402.624459
8,3,1,0,0,0,0,1,371.729317
7,3,1,0,0,0,0,2,371.051986
7,4,1,1,0,0,0,2,353.069249
7,5,1,0,0,0,0,2,365.887854
7,6,0,1,0,0,0,2,331.314648
7,7,0,0,0,0,1,1,311.538888
6,7,0,0,0,1,0,2,297.159412
6,8,0,1,1,0,0,2,278.320111
6,9,0,0,0,0,0,3,272.698391
6,9,0,0,0,0,0,1,285.45172
5,9,0,0,0,1,0,1,281.231331
4,9,0,0,0,0,0,1,294.092276
3,9,0,0,0,1,0,2,300.683137
3,10,0,0,0,0,0,1,329.123921
2,10,0,0,0,0,0,0,298.524217
0,15,0,1,0,0,0,2,283.640969
0,16,0,1,1,0,0,2,274.662094
0,17,0,1,0,0,0,3,284.253485
1,18,1,0,0,0,0,3,241.773228
12,6,1,1,1,0,0,3,351.346311
16,5,1,0,0,1,1,1,312.740987
17,6,0,1,0,0,0,3,272.71867
17,5,0,0,0,0,0,1,287.6726
16,5,0,0,0,1,1,1,303.582162
15,5,0,0,0,1,0,1,317.334998
14,5,0,0,0,0,1,1,332.980378
13,5,0,0,0,1,1,1,347.646817
12,5,0,0,0,0,0,1,360.598149
11,5,0,0,0,0,1,1,383.132209
10,5,1,0,0,0,0,1,362.975508
9,5,1,0,0,0,0,1,359.211678
8,5,1,0,0,0,0,1,351.370398
9,6,0,0,0,0,0,0,371.307168
10,6,0,0,1,0,0,3,379.712392
10,6,0,0,1,0,0,1,352.474179
10,8,1,0,0,0,0,2,415.003805
10,9,1,0,0,0,0,2,437.898509
10,10,1,0,0,0,0,0,456.478319
11,10,1,0,0,0,1,3,432.787006
11,9,1,0,0,0,0,3,401.062534
12,9,1,0,0,0,0,1,434.552726
11,9,1,0,0,0,0,2,457.32058
14,13,1,0,0,0,0,2,407.624758
5,15,1,0,0,1,0,2,324.104111
5,16,1,1,1,0,0,2,339.526661
5,17,1,0,0,0,1,1,323.626804
4,17,1,0,0,1,0,1,306.642832
1,18,1,0,0,0,0,2,262.90824
1,19,1,0,0,0,1,1,258.97544
0,19,1,1,0,0,1,0,255.841523
1,19,1,0,0,0,1,3,268.121029
1,17,1,0,0,1,0,0,296.984302
4,17,1,0,0,1,0,2,285.063991
4,18,1,1,1,0,0,3,323.601081
2,17,1,0,0,0,0,2,281.296611
2,17,1,0,0,0,0,3,291.836734
3,11,0,0,0,0,1,3,303.824357
2,10,0,0,0,0,0,2,310.112021
2,6,1,1,1,0,0,3,282.308508
5,5,1,0,0,1,0,0,332.224
6,5,1,0,0,1,1,0,350.761775
7,5,1,0,0,0,0,0,351.899726
8,5,1,0,0,0,0,3,368.446112
10,3,0,0,1,0,0,1,372.971605
10,3,0,0,1,0,0,3,395.416855
10,2,0,0,0,0,0,0,384.903524
15,0,1,0,0,1,0,1,339.510085
14,1,0,0,0,0,0,0,316.928687
12,2,0,0,1,0,0,1,378.654451
9,3,0,0,0,0,0,1,366.778113
4,3,0,0,0,0,0,3,290.45771
4,2,0,1,1,0,0,2,307.954664
4,5,0,0,0,0,1,3,284.144612
2,5,0,0,0,0,0,1,262.751064
1,5,0,0,0,0,1,0,276.66655
1,5,0,0,0,0,1,1,278.583308
15,17,1,0,0,0,1,0,324.295799
16,17,1,0,0,1,0,1,342.714191
16,17,1,0,0,1,0,0,304.492413
17,17,1,0,0,0,1,3,203.447875
1,0,1,0,0,1,1,1,259.580024
0,0,1,1,0,1,0,0,265.940941
2,0,1,0,0,1,0,2,299.436339
2,1,1,1,0,0,0,2,297.560506
2,4,0,0,1,0,0,3,273.261675
1,5,1,0,0,0,1,1,259.138863
3,13,0,0,0,1,1,0,331.966629
4,13,0,0,0,0,0,0,350.495676
0,16,1,1,1,0,0,3,280.720468
11,14,1,0,0,1,0,1,449.083544
10,14,1,0,0,0,0,2,425.760754
12,14,1,0,1,0,0,1,442.395573
11,15,1,0,0,0,1,1,425.681476
10,14,1,0,0,0,0,1,427.753563
9,14,1,0,0,0,0,1,405.168919
9,13,0,0,0,0,0,3,446.015733
9,12,0,0,0,0,0,0,488.884441
15,11,0,0,0,0,1,3,366.610847
10,10,0,0,0,0,0,2,428.372518
10,11,0,0,1,0,0,3,408.023662
12,7,0,0,0,0,0,3,363.513422
12,6,0,1,1,0,0,3,375.571005
4,5,0,0,0,0,1,0,286.454431
1,5,0,0,0,0,1,3,271.74645
1,4,0,0,0,1,0,2,265.871337
7,5,1,0,0,0,0,1,332.473763
7,5,1,0,0,0,0,3,370.238266
7,4,1,1,0,0,0,0,379.17394
7,3,0,0,0,0,0,3,345.601205
7,2,0,0,0,1,0,1,333.605749
2,5,0,0,0,0,0,2,287.066827
2,6,0,1,1,0,0,2,280.680812
2,7,0,0,0,0,0,2,299.571481
2,8,0,0,1,0,0,2,316.96579
2,9,0,0,0,0,0,2,334.748819
2,11,0,1,0,0,0,2,293.879055
7,15,1,0,0,0,0,3,396.49163
7,14,1,1,0,0,0,0,407.40505
8,14,1,0,0,0,0,1,398.625935
8,14,1,0,0,0,0,0,427.713984
9,14,1,0,0,0,0,0,450.558231
12,15,1,0,0,0,0,3,469.248961
12,13,1,1,0,0,0,2,452.002202
10,17,0,0,0,0,0,3,411.412926
11,18,1,0,0,0,0,0,384.875531
15,17,1,0,0,0,1,3,339.581395
15,16,1,1,1,0,0,2,345.511599
14,0,1,0,0,1,0,1,354.699178
17,5,1,0,0,0,0,1,296.781178
14,5,0,0,0,0,1,0,304.104236
14,3,1,0,0,0,0,0,350.527266
15,3,1,0,0,1,1,0,272.125482
16,3,1,0,0,0,1,3,-0.5
16,2,1,1,0,0,0,2,178.083329
16,3,1,0,0,0,1,0,288.907879
17,3,1,0,0,0,0,0,309.383756
18,3,0,0,0,0,0,0,-0.875
19,3,0,0,1,0,0,1,131.045405
18,3,0,0,0,0,0,1,274.287298
17,3,0,0,0,0,0,1,289.626668
16,3,0,0,0,0,1,1,297.175321
15,3,0,0,0,1,1,1,312.598336
12,7,0,0,0,0,0,0,363.78826
13,7,0,0,0,1,1,0,350.315059
12,8,0,0,1,0,0,1,393.633243
11,8,0,0,0,0,0,0,409.015056
11,10,1,0,0,0,1,1,447.604379
13,13,0,0,0,1,1,0,375.586534
12,17,0,0,0,0,0,1,372.493286
8,18,1,1,0,0,0,2,327.531735
8,19,1,0,0,0,1,1,310.398704
7,19,1,0,0,1,1,0,327.788109
8,19,1,0,0,0,1,0,344.760936
9,19,1,0,0,0,1,1,326.794942
7,19,1,0,0,1,1,1,308.432376
6,19,1,0,0,0,1,0,310.445965
8,19,1,0,0,0,1,3,346.092746
6,9,0,0,0,0,0,0,297.548028
7,9,0,0,0,1,0,1,281.666528
3,9,0,0,0,1,0,1,316.543671
2,9,0,0,0,0,0,1,301.069522
0,12,0,1,0,0,0,3,271.627193
7,16,1,1,0,0,0,0,382.366263
8,16,1,0,0,0,0,0,386.046336
9,16,1,0,0,0,0,0,404.247579
10,16,1,0,1,0,0,3,426.479755
16,15,1,0,0,1,1,1,369.363871
3,0,1,0,0,1,0,1,288.349739
6,3,1,0,0,0,1,3,363.085117
6,2,1,1,0,0,0,3,339.038166
6,1,1,0,1,0,0,1,273.00965
12,0,1,0,0,1,0,1,358.216929
11,0,1,0,0,1,1,0,378.231659
15,5,1,0,0,1,0,1,328.821208
14,4,1,1,1,0,0,2,324.242895
11,9,1,0,0,0,0,1,415.003585
10,9,1,0,0,0,0,0,430.077621
14,11,0,0,0,0,0,3,390.328552
13,10,0,0,0,0,0,0,380.597479
10,11,0,0,1,0,0,2,453.360365
7,14,1,1,0,0,0,3,402.307
10,18,1,0,0,0,0,2,358.601948
10,19,1,0,0,0,1,0,386.696339
11,19,1,0,0,0,1,3,409.037371
7,15,0,0,0,0,0,0,394.117281
3,11,1,0,0,0,1,0,361.283129
4,11,1,0,0,0,0,1,337.209623
4,11,1,0,0,0,0,2,330.93467
4,12,1,1,1,0,0,2,348.707221
6,15,1,0,0,1,1,1,342.172844
5,16,1,1,1,0,0,3,342.178429
7,15,1,0,0,0,0,1,361.263455
7,13,1,0,0,0,0,1,384.927157
6,13,1,0,0,0,1,3,402.546734
6,12,1,1,0,0,0,3,375.82405
6,11,1,0,1,0,0,1,375.333078
1,9,1,0,0,0,0,0,296.756583
0,10,1,1,0,0,0,2,284.461217
0,11,1,1,1,0,0,2,306.243752
0,12,1,1,0,0,0,3,295.458152
2,13,0,1,0,0,0,0,314.29528
1,17,0,0,0,1,0,2,274.23622
1,18,0,0,0,0,0,2,261.72609
1,19,0,0,0,0,1,1,269.697242
0,19,0,1,0,0,1,3,272.479149
0,18,1,1,0,0,0,2,258.087124
1,19,1,0,0,0,1,0,267.053913
2,19,1,0,0,0,1,0,262.421939
3,19,1,0,0,1,1,0,276.452021
4,19,1,0,0,0,1,0,292.020703
5,19,1,0,0,1,1,0,308.432503
9,19,1,0,0,0,1,0,365.610135
10,19,1,0,0,0,1,3,376.543188
11,19,1,0,0,0,1,1,351.467155
10,19,1,0,0,0,1,1,339.740481
6,19,1,0,0,0,1,3,326.481685
8,16,0,0,0,0,0,2,359.761196
8,17,0,0,0,0,0,0,380.510155
9,17,0,0,0,0,0,0,395.878242
10,15,1,0,0,0,0,2,404.436173
12,13,1,1,0,0,0,3,526.581488
9,12,1,0,0,0,0,3,449.204607
9,11,1,0,0,0,0,1,429.68729
10,12,0,0,0,0,0,0,507.485092
9,8,1,0,0,0,0,0,393.30043
10,8,1,0,0,0,0,3,403.959755
10,7,1,0,0,0,0,0,425.31418
13,0,1,0,0,1,0,2,368.647863
13,1,1,0,0,0,1,0,349.72505
14,1,1,0,0,0,0,0,365.7675
13,1,0,0,0,0,1,0,332.990325
10,0,0,0,0,1,0,2,404.04675
10,2,0,0,0,0,0,3,397.876782
10,2,0,0,0,0,0,1,407.621627
5,5,0,0,0,1,0,0,302.352984
0,5,0,1,0,0,0,3,256.838336
0,4,0,1,0,0,0,3,262.496552
0,14,0,1,0,0,0,0,294.898501
4,14,1,1,1,0,0,2,324.125566
8,15,1,0,0,0,0,1,381.359856
15,15,1,0,0,1,0,2,337.630823
17,17,1,0,0,0,1,0,283.841295
18,17,1,0,0,0,0,1,305.023137
5,1,0,0,0,0,1,3,302.450406
5,0,0,0,0,1,0,0,318.447431
8,5,1,0,0,0,0,2,346.954853
8,6,1,0,0,0,0,1,363.81392
9,6,0,0,0,0,0,1,334.136202
11,8,1,0,0,0,0,1,393.288674
15,5,1,0,0,1,0,2,326.805483
15,6,1,1,1,0,0,2,343.474818
15,7,1,0,0,0,1,1,365.100719
14,7,1,0,0,1,0,0,343.451227
15,7,1,0,0,0,1,0,324.511815
16,7,1,0,0,1,0,0,306.24398
17,7,1,0,0,0,1,3,295.958965
17,7,0,0,0,0,1,3,283.983338
16,7,0,0,0,1,0,2,222.990775
16,8,0,1,1,0,0,2,290.210931
16,9,0,0,0,0,0,1,366.419149
15,9,0,0,0,1,0,1,388.705924
14,9,0,0,0,0,0,1,413.549042
13,9,0,0,0,1,0,1,435.820375
12,12,1,0,1,0,0,2,486.407608
10,12,0,0,0,0,0,2,441.04824
11,18,1,0,0,0,0,1,381.984545
4,13,1,0,0,0,0,2,331.483491
1,8,1,0,0,0,0,1,276.933925
2,12,0,0,1,0,0,2,297.574907
0,14,1,1,0,0,0,2,279.03624
17,15,0,0,0,0,0,3,306.98852
17,14,0,1,0,0,0,3,324.15148
17,13,0,0,0,0,0,3,295.594257
17,12,0,0,0,1,0,1,337.114435
16,12,0,1,0,0,0,3,345.108446
16,11,0,0,1,0,0,1,375.300791
10,12,0,0,0,0,0,1,445.31546
9,12,0,0,0,0,0,1,409.645638
8,12,0,0,0,0,0,1,400.036308
7,12,0,0,0,1,0,1,377.142964
6,12,0,1,0,0,0,3,357.415416
6,11,0,0,1,0,0,1,339.303453
2,10,0,0,0,0,0,3,316.400609
1,9,0,0,0,0,0,3,287.831743
1,8,0,0,0,0,0,0,299.79645
2,8,0,0,1,0,0,3,281.267974
2,2,0,0,1,0,0,2,272.536588
8,5,1,0,0,0,0,0,362.383325
9,5,1,0,0,0,0,0,365.736581
8,2,0,0,0,0,0,1,348.12404
13,0,1,0,0,1,0,1,377.024926
15,0,1,0,0,1,0,0,328.58834
16,0,1,0,0,1,0,1,346.584393
17,5,0,0,0,0,0,3,256.45005
17,4,0,1,0,0,0,2,272.319905
17,5,0,0,0,0,0,0,256.534847
18,5,0,0,0,0,0,1,272.504529
10,7,0,0,0,0,0,1,370.400926
9,7,0,0,0,0,0,0,391.45012
12,6,0,1,1,0,0,2,382.139395
13,10,1,0,0,0,0,3,404.47842
14,9,1,0,0,0,0,1,407.067702
13,9,1,0,0,1,0,2,424.721577
13,10,1,0,0,0,0,1,444.082179
8,16,1,0,0,0,0,1,404.449651
9,16,0,0,0,0,0,1,371.872578
5,13,1,0,0,1,1,1,349.514268
6,7,0,0,0,1,0,1,300.771032
5,7,0,0,0,0,1,1,285.679414
4,7,0,0,0,1,0,1,270.512569
3,7,0,0,0,1,1,1,281.522755
2,7,0,0,0,0,0,1,269.636959
4,7,1,0,0,1,0,0,312.020757
6,7,1,0,0,1,0,1,312.02403
5,7,1,0,0,0,1,3,299.830459
5,7,1,0,0,0,1,1,296.038168
7,7,1,0,0,0,1,0,356.275579
8,7,1,0,0,0,0,3,345.785469
7,6,1,1,0,0,0,0,347.598326
8,6,1,0,0,0,0,3,363.603567
1,18,0,0,0,0,0,1,289.959247
2,19,1,0,0,0,1,1,255.566125
2,19,1,0,0,0,1,3,281.931971
5,17,1,0,0,0,1,3,324.145374
10,2,1,0,0,0,0,3,393.741992
10,1,1,0,1,0,0,2,413.336614
10,1,0,0,1,0,0,1,383.86377
11,8,1,0,0,0,0,2,435.234688
11,9,1,0,0,0,0,0,417.900125
12,11,0,1,0,0,0,0,402.034088
7,4,1,1,0,0,0,3,390.150739
9,17,1,0,0,0,0,1,363.98491
0,5,1,1,0,0,0,3,273.750475
0,4,1,1,0,0,0,2,260.405168
0,8,1,1,0,0,0,2,274.002177
0,9,1,1,0,0,0,2,283.885321
5,9,1,0,0,1,0,1,330.57974
8,17,1,0,0,0,0,2,345.603748
10,16,1,0,1,0,0,2,383.639142
15,15,0,0,0,1,0,0,331.612234
9,15,0,0,0,0,0,0,435.102893
10,15,0,0,0,0,0,3,425.400597
14,10,1,0,0,0,0,1,426.979596
11,10,0,0,0,0,1,0,426.39307
10,7,0,0,0,0,0,3,371.406795
11,4,1,0,0,1,0,1,375.792801
10,4,1,0,0,0,0,2,365.509299
12,1,0,1,0,0,0,0,349.092751
14,0,1,0,0,1,0,2,353.226258
7,2,0,0,0,1,0,2,353.957058
6,8,0,1,1,0,0,3,313.219222
1,14,1,0,0,1,0,1,293.573608
0,17,0,1,0,0,0,0,271.634148
10,12,1,0,0,0,0,3,500.82402
10,11,1,0,1,0,0,2,529.99412
10,12,0,0,0,0,0,3,426.343549
10,10,0,0,0,0,0,0,419.894872
11,10,0,0,0,0,1,3,415.979111
11,7,0,0,0,1,0,2,393.532621
13,10,1,0,0,0,0,2,443.149192
13,11,1,0,0,0,1,0,419.968773
14,11,1,0,0,0,0,0,416.29039
12,10,0,0,0,0,0,3,439.74154
12,9,0,0,0,0,0,3,420.434989
12,8,0,0,1,0,0,3,378.22654
9,5,1,0,0,0,0,2,362.402521
9,6,1,0,0,0,0,1,344.98003
8,6,1,0,0,0,0,0,362.801338
9,5,0,0,0,0,0,2,353.592054
9,6,0,0,0,0,0,2,371.940977
10,5,0,0,0,0,0,3,367.858607
10,4,0,0,0,0,0,3,374.055253
14,1,1,0,0,0,0,3,343.184897
9,2,0,0,0,0,0,2,393.483091
6,5,1,0,0,1,1,1,314.614619
3,10,0,0,0,0,0,2,303.4098
9,15,1,0,0,0,0,3,427.721693
9,14,1,0,0,0,0,3,451.31955
9,13,1,0,0,0,0,1,441.307556
8,13,1,0,0,0,0,0,451.222135
9,13,1,0,0,0,0,0,472.667746
10,13,1,0,1,0,0,1,447.52652
9,13,1,0,0,0,0,3,472.71434
9,12,1,0,0,0,0,0,528.422131
11,12,1,0,0,1,1,0,482.322584
12,12,1,0,1,0,0,3,454.908993
13,13,1,0,0,1,1,0,407.055372
14,13,1,0,0,0,0,0,407.570832
15,13,1,0,0,1,1,0,363.890027
16,13,1,0,0,0,1,0,331.00568
17,13,1,0,0,0,0,0,79.930007
2,18,1,0,1,0,0,1,275.305852
10,14,0,0,0,0,0,0,408.456801
11,14,0,0,0,1,0,0,413.906566
15,16,1,1,1,0,0,3,358.641102
17,16,0,1,0,0,0,2,282.476
16,17,0,0,0,1,0,0,293.86887
16,17,0,0,0,1,0,2,238.994598
16,18,0,1,1,0,0,2,191.612992
16,19,0,0,0,0,1,1,258.311428
15,19,0,0,0,1,1,1,289.942241
14,19,0,0,0,0,1,1,315.066451
13,19,0,0,0,1,1,1,333.918853
12,19,0,0,0,0,1,1,351.278731
11,19,0,0,0,0,1,3,355.140114
10,4,0,0,0,0,0,0,345.490307
5,7,0,0,0,0,1,0,317.653718
2,7,0,0,0,0,0,0,270.519953
4,11,1,0,0,0,0,0,382.73874
5,11,0,0,0,0,1,0,358.818419
15,15,1,0,0,1,0,1,381.04594
7,12,0,0,0,1,0,2,399.559824
7,13,0,0,0,0,0,2,378.291616
7,14,0,1,0,0,0,3,390.502609
4,13,0,0,0,0,0,3,318.630175
4,12,0,1,1,0,0,2,332.347536
0,11,0,1,1,0,0,3,283.524844
3,1,0,0,0,0,1,0,296.598181
3,1,0,0,0,0,1,1,286.53095
2,1,0,1,0,0,0,2,271.038162
2,9,1,0,0,0,0,2,313.427239
0,12,1,1,0,0,0,2,300.112287
0,13,1,1,1,0,0,2,293.590289
9,15,0,0,0,0,0,3,420.957724
15,1,0,0,0,0,1,0,298.102691
16,1,0,0,1,0,0,1,313.799134
6,5,0,0,0,1,1,0,319.510625
3,5,0,0,0,1,1,0,271.139272
0,4,1,1,0,0,0,0,277.221683
0,7,0,1,0,0,0,0,271.379577
7,16,1,1,0,0,0,2,356.20859
12,18,1,0,1,0,0,1,403.343963
8,2,0,0,0,0,0,2,370.138799
13,5,0,0,0,1,1,0,320.351317
14,7,1,0,0,1,0,1,387.962279
13,7,1,0,0,1,1,1,395.870507
9,7,0,0,0,0,0,1,348.790564
8,7,0,0,0,0,0,0,370.942002
11,8,1,0,0,0,0,0,389.573969
12,8,1,0,1,0,0,1,408.158997
10,10,1,0,0,0,0,3,415.032113
13,11,1,0,0,0,1,1,467.103414
10,15,1,0,0,0,0,1,406.787307
9,18,1,0,0,0,0,0,381.145775
9,14,0,0,0,0,0,1,399.246954
8,14,0,0,0,0,0,1,380.912468
7,14,0,1,0,0,0,2,368.190635
8,15,0,0,0,0,0,3,403.710385
8,15,0,0,0,0,0,0,418.958565
0,13,1,1,1,0,0,3,313.170691
1,10,0,0,0,0,1,3,301.144955
2,3,1,1,0,0,0,2,298.941385
15,10,1,0,0,0,0,3,374.412397
14,11,0,0,0,0,0,2,369.433058
14,12,0,1,1,0,0,3,382.69187
5,10,1,0,0,0,0,1,349.301543
4,10,0,0,0,0,0,3,282.048872
0,8,0,1,0,0,0,0,285.116248
1,8,0,0,0,0,0,1,291.45735
12,3,0,1,0,0,0,0,326.361295
11,5,0,0,0,0,1,3,357.933944
10,7,0,0,0,0,0,0,376.404451
15,10,1,0,0,0,0,1,404.333011
14,10,0,0,0,0,0,2,389.894408
17,15,1,0,0,0,0,1,349.939119
15,15,0,0,0,1,0,2,321.297574
15,16,0,1,1,0,0,3,352.643735
4,17,0,0,0,1,0,2,273.231766
4,18,0,1,1,0,0,3,287.62671
4,11,0,0,0,0,0,0,333.247772
2,9,0,0,0,0,0,3,297.590226
1,9,0,0,0,0,0,0,318.066565
2,2,0,0,1,0,0,3,285.496313
6,7,0,0,0,1,0,0,328.988302
7,7,0,0,0,0,1,0,350.130796
8,7,0,0,0,0,0,1,330.128979
7,7,0,0,0,0,1,3,316.810332
2,9,0,0,0,0,0,0,297.500886
9,0,0,0,0,1,0,2,389.84944
12,7,1,0,0,0,0,0,380.881693
12,7,1,0,0,0,0,2,391.777678
12,8,1,0,1,0,0,3,406.768421
14,10,1,0,0,0,0,3,386.640945
10,12,1,0,0,0,0,2,474.669472
17,15,0,0,0,0,0,0,286.13529
18,15,0,0,0,0,0,1,302.883089
10,18,1,0,0,0,0,3,383.495036
5,17,0,0,0,0,1,0,318.366887
5,10,1,0,0,0,0,3,348.712711
3,7,0,0,0,1,1,0,285.802702
2,18,1,0,1,0,0,2,268.512681
3,0,1,0,0,1,0,2,317.573903
3,1,1,0,0,0,1,0,325.896943
4,1,1,0,0,0,0,0,343.22316
10,5,1,0,0,0,0,2,386.086764
10,6,1,0,1,0,0,2,407.403691
14,11,1,0,0,0,0,1,442.858906
8,13,0,0,0,0,0,3,417.675241
8,12,0,0,0,0,0,0,456.198153
5,15,0,0,0,1,0,2,308.739949
5,16,0,1,1,0,0,3,325.263687
0,10,0,1,0,0,0,0,295.903867
8,6,0,0,0,0,0,1,316.289959
2,8,0,0,1,0,0,1,285.28231
9,16,1,0,0,0,0,2,375.805605
9,4,0,0,0,0,0,0,357.615207
9,2,1,0,0,0,0,2,406.001619
11,8,0,0,0,0,0,1,393.893001
12,11,1,1,0,0,0,0,443.600577
14,11,1,0,0,0,0,2,409.222829
14,12,1,1,1,0,0,2,416.727005
10,17,1,0,0,0,0,1,371.315421
6,11,0,0,1,0,0,2,378.871236
5,10,1,0,0,0,0,0,365.407704
6,10,1,0,0,0,0,1,366.889711
15,19,1,0,0,1,1,0,282.961862
16,19,1,0,0,0,1,0,268.76124
17,19,1,0,0,1,1,0,252.270989
18,19,1,0,0,0,1,1,268.748656
17,19,1,0,0,1,1,1,283.945983
18,19,1,0,0,0,1,3,270.549063
18,18,1,1,0,0,0,3,287.392556
11,15,0,0,0,0,1,0,415.022964
12,15,0,0,0,0,0,0,391.692871
4,3,1,0,0,0,0,3,327.478603
4,2,1,1,1,0,0,3,345.84375
4,1,1,0,0,0,0,1,324.252309
2,1,0,1,0,0,0,0,281.208999
2,1,0,1,0,0,0,3,295.969824
10,4,1,0,0,0,0,3,396.608294
12,9,0,0,0,0,0,1,417.70703
11,9,0,0,0,0,0,0,444.981353
8,12,1,0,0,0,0,0,492.434678
7,15,0,0,0,0,0,2,362.662046
2,9,1,0,0,0,0,3,289.992965
2,8,1,0,1,0,0,3,305.672146
2,7,1,0,0,0,0,3,289.223279
2,7,1,0,0,0,0,2,288.602534
2,8,1,0,1,0,0,1,293.779193
1,8,1,0,0,0,0,0,288.984558
2,8,1,0,1,0,0,2,296.87345
2,9,1,0,0,0,0,0,313.225759
5,9,1,0,0,1,0,0,347.878964
6,9,1,0,0,0,0,1,349.093334
10,16,1,0,1,0,0,1,385.545646
8,16,0,0,0,0,0,3,391.520997
15,13,1,0,0,1,1,1,411.055803
10,11,1,0,1,0,0,1,449.113732
13,10,0,0,0,0,0,3,418.900154
12,9,0,0,0,0,0,0,410.855457
11,9,0,0,0,0,0,3,393.328793
14,3,0,0,0,0,0,3,318.223737
2,5,0,0,0,0,0,0,279.120868
9,16,1,0,0,0,0,3,406.882081
2,1,1,1,0,0,0,3,295.240363
4,0,1,0,0,1,0,2,333.194799
12,0,0,0,0,1,0,2,367.408996
1,17,1,0,0,1,0,1,289.113827
1,17,1,0,0,1,0,2,268.879727
4,9,1,0,0,0,0,2,349.177856
3,10,1,0,0,0,0,1,313.621966
4,10,1,0,0,0,0,3,330.39586
0,13,0,1,1,0,0,3,280.936092
7,13,1,0,0,0,0,3,433.676432
7,12,1,0,0,1,0,0,462.740498
8,12,1,0,0,0,0,1,434.369646
7,12,1,0,0,1,0,1,402.032523
6,12,1,1,0,0,0,0,433.041006
8,11,1,1,0,0,0,3,406.428418
8,10,1,0,0,0,0,1,384.78609
7,10,1,0,0,0,1,3,365.036419
7,9,1,0,0,1,0,0,384.741226
8,9,1,0,0,0,0,0,398.216998
9,9,1,0,0,0,0,0,415.034004
10,9,1,0,0,0,0,1,398.259613
9,9,1,0,0,0,0,1,385.046617
8,9,1,0,0,0,0,1,364.964346
7,9,1,0,0,1,0,2,385.224631
7,9,1,0,0,1,0,1,347.655006
6,9,1,0,0,0,0,0,365.0817
8,9,1,0,0,0,0,3,369.806644
8,7,1,0,0,0,0,0,378.221983
9,7,1,0,0,0,0,1,357.026846
10,7,1,0,0,0,0,1,373.913139
7,5,0,0,0,0,0,0,336.712273
8,5,0,0,0,0,0,2,334.403665
7,13,0,0,0,0,0,0,393.886373
17,15,0,0,0,0,0,2,296.479674
1,15,0,0,0,0,1,0,322.526968
6,11,1,0,1,0,0,2,398.279305
1,12,1,0,0,1,1,1,296.659864
2,12,1,0,1,0,0,3,316.306594
3,13,1,0,0,1,1,1,339.003712
12,19,1,0,0,0,1,3,370.701011
12,18,1,0,1,0,0,2,351.74161
18,17,1,0,0,0,0,3,298.316565
2,1,1,1,0,0,0,0,315.049299
6,2,0,1,0,0,0,3,326.789643
14,0,0,0,0,1,0,2,334.66061
7,17,0,0,0,0,1,3,347.283892
0,5,0,1,0,0,0,0,262.771761
0,12,0,1,0,0,0,0,301.032989
1,14,0,0,0,1,0,2,293.853223
1,18,1,0,0,0,0,1,268.824995
2,2,1,0,1,0,0,3,301.994629
4,11,0,0,0,0,0,3,320.228408
4,10,0,0,0,0,0,1,311.305952
0,18,1,1,0,0,0,3,284.474146
9,12,0,0,0,0,0,3,430.822718
9,11,0,0,0,0,0,0,482.164303
10,4,0,0,0,0,0,1,368.143916
9,4,0,0,0,0,0,3,381.52271
10,8,0,0,0,0,0,2,398.005858
10,9,0,0,0,0,0,2,403.535687
8,17,0,0,0,0,0,2,344.552015
8,18,0,1,0,0,0,3,356.844859
2,17,0,0,0,0,0,1,269.005663
0,16,0,1,1,0,0,3,299.077725
10,13,1,0,1,0,0,3,503.669906
16,13,1,0,0,0,1,1,384.095286
16,13,1,0,0,0,1,3,272.867737
16,12,1,1,0,0,0,0,148.317538
17,12,1,0,0,1,0,0,87.183331
18,12,1,0,0,0,0,2,70.604611
12,1,1,1,0,0,0,0,368.647863
14,1,0,0,0,0,0,3,322.865989
17,7,1,0,0,0,1,0,200.54002
18,7,1,0,0,0,0,1,285.83568
17,6,0,1,0,0,0,0,256.114544
18,6,0,0,0,0,0,1,269.706386
16,12,1,1,0,0,0,3,284.232105
16,11,1,0,1,0,0,1,215.917409
10,10,1,0,0,0,0,1,416.768305
9,10,1,0,0,0,0,1,405.931752
7,10,1,0,0,0,1,1,366.876552
6,10,1,0,0,0,0,2,380.780154
10,18,0,0,0,0,0,1,360.187832
9,18,0,0,0,0,0,1,344.490995
1,17,0,0,0,1,0,0,281.323835
2,17,0,0,0,0,0,0,276.625701
8,13,1,0,0,0,0,1,401.604833
7,12,1,0,0,1,0,2,402.399133
6,10,1,0,0,0,0,3,349.583543
7,7,1,0,0,0,1,1,327.113064
5,6,1,1,1,0,0,3,315.473634
14,13,1,0,0,0,0,3,410.590479
3,15,0,0,0,1,1,0,308.268383
0,9,1,1,0,0,0,3,286.923177
7,10,1,0,0,0,1,0,405.728863
6,9,1,0,0,0,0,2,367.004082
6,10,1,0,0,0,0,0,385.015752
8,9,1,0,0,0,0,2,406.043264
8,8,1,1,0,0,0,2,390.322637
8,10,1,0,0,0,0,3,393.632293
7,5,0,0,0,0,0,3,337.399056
7,4,0,1,0,0,0,2,319.521479
5,5,0,0,0,1,0,2,285.048304
5,6,0,1,1,0,0,3,286.389747
11,4,0,0,0,1,0,0,358.25065
12,5,0,0,0,0,0,2,364.495727
14,13,0,0,0,0,0,3,364.448937
14,12,0,1,1,0,0,2,380.872607
4,10,1,0,0,0,0,2,346.261514
10,15,0,0,0,0,0,0,416.330735
13,3,0,0,0,1,1,0,310.595764
10,13,1,0,1,0,0,2,443.947438
17,15,1,0,0,0,0,0,313.883547
18,15,1,0,0,0,0,2,295.738889
18,16,1,0,0,0,0,1,170.921218
16,5,0,0,0,1,1,0,273.837163
11,8,0,0,0,0,0,2,408.844173
14,9,1,0,0,0,0,2,408.008661
5,3,0,0,0,1,1,0,335.659523
0,5,1,1,0,0,0,2,269.181858
0,6,1,1,1,0,0,3,259.670679
6,19,1,0,0,0,1,1,301.622669
5,19,1,0,0,1,1,1,279.488219
7,17,1,0,0,0,1,1,357.268405
12,11,1,1,0,0,0,3,461.960981
9,12,1,0,0,0,0,2,446.639138
9,13,1,0,0,0,0,2,428.433443
17,15,1,0,0,0,0,3,302.945907
17,13,0,0,0,0,0,0,311.997589
2,15,0,0,0,0,0,0,299.690441
2,14,1,0,1,0,0,2,308.926414
4,11,1,0,0,0,0,3,349.294767
5,11,1,0,0,0,1,1,353.725756
0,17,1,1,0,0,0,2,270.412031
7,17,0,0,0,0,1,0,359.373996
8,4,1,0,0,0,0,2,364.52678
4,17,0,0,0,1,0,0,303.169662
15,0,0,0,0,1,0,2,312.736986
13,1,0,0,0,0,1,3,340.846136
14,3,1,0,0,0,0,3,347.303623
14,2,1,1,1,0,0,2,358.836734
11,4,0,0,0,1,0,2,359.105077
11,2,1,0,0,1,1,1,405.731582
10,1,1,0,1,0,0,3,370.047224
10,0,1,0,0,1,0,1,353.778469
9,0,1,0,0,1,0,1,356.742978
8,0,1,0,0,1,0,2,380.15372
8,1,1,1,0,0,0,2,397.683484
14,14,1,1,1,0,0,2,382.909132
11,14,0,0,0,1,0,2,418.207737
4,15,0,0,0,0,1,3,319.50462
4,14,0,1,1,0,0,2,308.190473
0,14,1,1,0,0,0,3,310.077482
4,9,1,0,0,0,0,1,313.538625
3,9,1,0,0,1,0,1,296.758872
4,7,0,0,0,1,0,2,273.485542
4,8,0,1,1,0,0,3,280.744704
6,3,0,0,0,0,1,3,336.824654
9,7,1,0,0,0,0,0,396.473224
10,7,1,0,0,0,0,2,394.349951
6,11,0,0,1,0,0,3,352.58444
6,10,0,0,0,0,0,0,374.592808
7,10,0,0,0,0,1,0,396.102757
8,10,0,0,0,0,0,0,415.327615
9,10,0,0,0,0,0,0,422.83263
10,10,0,0,0,0,0,1,415.215029
9,10,0,0,0,0,0,1,397.523602
8,10,0,0,0,0,0,1,374.798781
7,10,0,0,0,0,1,1,352.810423
6,10,0,0,0,0,0,1,341.477234
16,17,1,0,0,1,0,2,299.653433
16,18,1,1,1,0,0,3,317.225089
17,17,1,0,0,0,1,1,321.687293
6,1,0,0,1,0,0,1,301.840514
12,15,0,0,0,0,0,2,396.783422
9,11,1,0,0,0,0,0,484.389872
11,18,1,0,0,0,0,2,378.948867
5,17,0,0,0,0,1,3,310.254663
4,3,0,0,0,0,0,0,318.145928
11,0,1,0,0,1,1,1,376.52728
10,0,1,0,0,1,0,0,357.275292
9,4,0,0,0,0,0,1,340.58747
8,4,0,0,0,0,0,1,337.403228
7,5,0,0,0,0,0,2,316.385838
4,8,0,1,1,0,0,2,284.616967
0,3,1,1,1,0,0,2,274.103083
1,4,1,0,0,1,0,1,273.903898
17,5,1,0,0,0,0,0,294.608934
18,5,1,0,0,0,0,1,313.319338
9,3,0,0,0,0,0,2,374.458823
12,2,1,0,1,0,0,3,392.52232
9,1,0,0,0,0,0,1,366.723379
8,1,0,1,0,0,0,2,371.053229
9,8,1,0,0,0,0,3,381.981815
9,7,1,0,0,0,0,2,346.680755
9,18,1,0,0,0,0,2,338.718164
7,2,1,0,0,1,0,0,409.133143
14,3,1,0,0,0,0,2,353.278997
13,11,0,0,0,0,1,0,384.301221
9,17,0,0,0,0,0,3,393.007364
6,15,0,0,0,1,1,0,368.466106
1,10,0,0,0,0,1,0,318.754835
4,4,1,1,1,0,0,2,300.15833
7,3,0,0,0,0,0,2,339.448215
7,4,0,1,0,0,0,0,352.708707
1,7,1,0,0,1,0,2,286.884439
0,10,1,1,0,0,0,3,276.510935
9,19,1,0,0,0,1,3,357.113223
10,14,1,0,0,0,0,3,473.884693
4,4,0,1,1,0,0,3,299.894036
18,15,1,0,0,0,0,1,331.446205
14,11,1,0,0,0,0,3,401.905456
13,11,1,0,0,0,1,3,428.603561
2,13,1,1,0,0,0,3,335.915779
2,11,1,1,0,0,0,3,313.741533
1,7,0,0,0,1,0,2,284.88802
9,13,0,0,0,0,0,2,421.539334
10,8,0,0,0,0,0,1,361.531676
9,8,0,0,0,0,0,3,210.540203
10,6,1,0,1,0,0,1,362.440104
4,3,1,0,0,0,0,2,313.696806
2,17,0,0,0,0,0,2,277.416393
2,18,0,0,1,0,0,1,273.194557
6,17,0,0,0,1,0,2,310.124252
6,18,0,1,1,0,0,3,320.824579
4,13,1,0,0,0,0,3,333.920088
4,12,1,1,1,0,0,3,353.038302
8,8,1,1,0,0,0,0,377.294599
8,7,1,0,0,0,0,2,370.086826
8,6,0,0,0,0,0,2,350.566795
9,7,0,0,0,0,0,2,373.704468
9,8,0,0,0,0,0,0,380.757056
10,6,1,0,1,0,0,3,364.098811
9,4,1,0,0,0,0,0,379.456987
6,1,1,0,1,0,0,2,357.934656
13,13,1,0,0,1,1,1,438.396953
12,16,0,1,1,0,0,2,377.068322
16,1,0,0,1,0,0,3,281.261778
16,0,0,0,0,1,0,1,302.638075
0,8,1,1,0,0,0,3,287.817366
0,7,1,1,0,0,0,2,286.580995
7,12,0,0,0,1,0,0,410.480357
9,12,0,0,0,0,0,2,444.932128
10,9,0,0,0,0,0,1,380.08651
9,9,0,0,0,0,0,0,394.268891
4,1,0,0,0,0,0,2,286.939511
12,3,1,1,0,0,0,2,356.166529
11,15,0,0,0,0,1,3,403.052913
9,16,0,0,0,0,0,2,374.650059
12,10,0,0,0,0,0,0,393.863208
3,7,1,0,0,1,1,1,305.492867
6,7,1,0,0,1,0,2,333.161564
6,8,1,1,1,0,0,2,351.516131
11,17,1,0,0,1,0,2,382.741777
13,11,0,0,0,0,1,3,413.209899
13,1,1,0,0,0,1,1,389.103014
12,1,1,1,0,0,0,3,373.745292
0,6,1,1,1,0,0,2,284.583789
0,7,1,1,0,0,0,0,302.366068
1,15,0,0,0,0,1,3,298.259856
11,12,1,0,0,1,1,1,476.911945
8,4,1,0,0,0,0,0,379.691894
9,4,1,0,0,0,0,3,394.571336
12,2,1,0,1,0,0,2,394.123353
18,12,1,0,0,0,0,0,25.021819
19,12,1,0,1,0,0,1,48.832119
9,16,0,0,0,0,0,3,410.740668
4,18,1,1,1,0,0,2,279.192422
4,19,1,0,0,0,1,3,289.866223
11,18,0,0,0,0,0,0,353.11973
12,18,0,0,1,0,0,3,375.887273
10,3,1,0,1,0,0,3,414.302299
0,15,0,1,0,0,0,0,300.377946
15,3,1,0,0,1,1,1,369.92792
14,10,1,0,0,0,0,2,423.762651
9,17,0,0,0,0,0,2,361.548971
5,16,0,1,1,0,0,2,302.763425
0,18,0,1,0,0,0,3,281.059261
10,3,1,0,1,0,0,2,376.872824
18,16,0,0,0,0,0,1,298.903458
3,1,1,0,0,0,1,1,308.573297
8,10,1,0,0,0,0,0,417.017118
9,10,1,0,0,0,0,0,440.188794
8,10,1,0,0,0,0,2,427.895559
9,18,1,0,0,0,0,3,372.668662
0,17,1,1,0,0,0,3,271.374701
10,8,0,0,0,0,0,3,383.73586
15,0,0,0,0,1,0,0,282.446879
16,0,0,0,0,1,0,0,-0.5
17,0,0,0,0,1,1,1,8.342661
6,0,0,0,0,1,0,2,316.001566
3,3,1,0,0,1,1,1,306.813785
2,5,0,0,0,0,0,3,276.061279
9,17,1,0,0,0,0,3,390.618568
8,6,0,0,0,0,0,3,336.813976
8,5,0,0,0,0,0,0,355.687321
9,5,0,0,0,0,0,1,336.559664
8,5,0,0,0,0,0,3,354.177266
17,5,1,0,0,0,0,3,275.270745
17,4,1,1,0,0,0,0,293.377881
18,4,1,0,0,0,0,3,311.088784
14,3,0,0,0,0,0,2,301.049451
14,4,0,1,1,0,0,2,320.165774
8,18,1,1,0,0,0,0,355.813357
3,10,0,0,0,0,0,3,301.494814
3,9,0,0,0,1,0,0,294.298313
8,4,0,0,0,0,0,2,336.767727
8,5,0,0,0,0,0,1,319.413986
1,8,0,0,0,0,0,3,273.795771
11,17,1,0,0,1,0,1,384.24347
4,11,0,0,0,0,0,2,315.199786
4,12,0,1,1,0,0,3,319.984873
8,1,1,1,0,0,0,0,377.269524
9,1,1,0,0,0,0,0,395.635013
14,3,0,0,0,0,0,0,300.602964
11,18,0,0,0,0,0,3,371.088806
10,18,0,0,0,0,0,0,366.126138
4,19,1,0,0,0,1,1,263.441241
5,0,0,0,0,1,0,1,283.540553
4,0,0,0,0,1,0,1,270.452648
2,0,0,0,0,1,0,2,293.662978
10,8,0,0,0,0,0,0,388.57717
10,11,0,0,1,0,0,1,408.892142
9,11,0,0,0,0,0,2,412.000561
9,16,1,0,0,0,0,1,383.626023
8,15,1,0,0,0,0,2,379.733418
8,16,1,0,0,0,0,2,361.116585
10,5,0,0,0,0,0,1,350.884997
9,1,0,0,0,0,0,2,389.464046
14,15,0,0,0,0,1,3,366.32706
14,14,0,1,1,0,0,2,380.274556
14,9,1,0,0,0,0,3,371.651077
14,8,1,1,1,0,0,2,394.359882
7,16,0,1,0,0,0,2,336.652022
12,16,1,1,1,0,0,3,426.231302
2,16,0,1,1,0,0,2,281.853216
14,7,0,0,0,1,0,2,355.118682
14,8,0,1,1,0,0,2,391.528952
14,9,0,0,0,0,0,2,373.377116
11,19,0,0,0,0,1,0,0.102656
11,19,0,0,0,0,1,1,379.365604
10,19,0,0,0,0,1,3,401.518027
1,7,1,0,0,1,0,1,283.662714
4,2,1,1,1,0,0,2,331.728531
4,7,1,0,0,1,0,1,289.219679
6,9,1,0,0,0,0,3,333.705983
6,12,0,1,0,0,0,0,401.200937
5,0,1,0,0,1,0,0,327.966533
6,0,1,0,0,1,0,0,284.875628
7,0,1,0,0,1,1,0,352.733746
11,2,1,0,0,1,1,0,415.515343
9,0,1,0,0,1,0,0,374.576711
8,0,1,0,0,1,0,1,93.095694
7,0,1,0,0,1,1,1,289.544069
6,0,1,0,0,1,0,1,343.784168
18,5,1,0,0,0,0,2,42.837349
18,6,1,0,0,0,0,1,263.793487
18,5,0,0,0,0,0,2,3.97435
12,9,1,0,0,0,0,2,441.154975
8,13,0,0,0,0,0,2,398.304776
8,14,0,0,0,0,0,0,419.321089
9,14,0,0,0,0,0,2,419.083051
7,6,1,1,0,0,0,3,354.801215
7,2,1,0,0,1,0,1,360.447404
10,1,0,0,1,0,0,3,383.907791
10,1,1,0,1,0,0,1,379.618166
9,1,1,0,0,0,0,1,385.881561
1,18,0,0,0,0,0,0,275.556258
10,18,0,0,0,0,0,3,383.336017
17,17,0,0,0,0,1,0,269.205792
18,17,0,0,0,0,0,3,21.548
7,13,1,0,0,0,0,2,392.471027
7,14,1,1,0,0,0,2,382.764822
12,5,0,0,0,0,0,0,339.003267
6,12,0,1,0,0,0,2,365.8956
13,3,1,0,0,1,1,1,399.314932
4,0,0,0,0,1,0,0,283.028107
0,1,0,1,1,0,0,3,282.37752
15,17,0,0,0,0,1,3,329.928234
15,16,0,1,1,0,0,2,322.752337
14,17,0,0,0,1,0,0,317.885469
13,0,0,0,0,1,0,2,354.346965
8,18,0,1,0,0,0,2,228.294706
8,19,0,0,0,0,1,1,197.592064
7,19,0,0,0,1,1,1,212.623355
6,19,0,0,0,0,1,1,202.972977
5,19,0,0,0,1,1,1,217.625083
4,19,0,0,0,0,1,1,237.073554
3,19,0,0,0,1,1,1,252.674741
2,19,0,0,0,0,1,1,267.313909
1,19,0,0,0,0,1,0,226.513975
7,16,1,1,0,0,0,3,381.777812
4,1,1,0,0,0,0,3,326.69826
14,15,0,0,0,0,1,0,352.898804
10,17,1,0,0,0,0,3,404.133976
1,9,0,0,0,0,0,2,296.209652
6,17,0,0,0,1,0,0,338.260864
12,9,1,0,0,0,0,3,394.461902
9,5,1,0,0,0,0,3,383.141703
12,19,0,0,0,0,1,3,353.497657
12,18,0,0,1,0,0,1,371.796743
13,10,0,0,0,0,0,2,407.107875
15,5,0,0,0,1,0,2,311.189021
15,6,0,1,1,0,0,3,304.646427
13,1,1,0,0,0,1,3,353.887178
9,11,1,0,0,0,0,3,414.964315
8,4,1,0,0,0,0,1,372.552517
13,7,1,0,0,1,1,0,364.180361
8,14,1,0,0,0,0,2,393.109741
3,0,0,0,0,1,0,0,274.834357
9,7,0,0,0,0,0,3,354.561528
5,6,0,1,1,0,0,2,300.990418
6,13,0,0,0,0,1,0,396.556219
7,13,0,0,0,0,0,3,399.086763
6,13,0,0,0,0,1,3,376.108844
6,11,1,0,1,0,0,3,372.39392
14,2,0,1,1,0,0,3,334.6336
3,1,1,0,0,0,1,3,312.151831
10,10,1,0,0,0,0,2,472.215803
4,10,0,0,0,0,0,0,338.807744
3,10,0,0,0,0,0,0,315.565244
14,13,0,0,0,0,0,0,358.030611
15,13,0,0,0,1,1,0,329.99888
9,14,1,0,0,0,0,2,406.232534
0,11,1,1,1,0,0,3,285.384705
18,19,1,0,0,0,1,0,243.149965
19,19,1,0,1,0,1,1,255.738568
15,5,0,0,0,1,0,0,285.99634
12,17,0,0,0,0,0,2,353.621353
4,9,0,0,0,0,0,2,293.470874
8,14,0,0,0,0,0,3,405.085491
9,14,0,0,0,0,0,3,442.086119
14,5,0,0,0,0,1,3,303.860945
14,4,0,1,1,0,0,3,314.374624
8,0,0,0,0,1,0,2,370.122946
5,7,0,0,0,0,1,3,285.077467
0,2,0,1,0,0,0,3,274.12018
9,15,1,0,0,0,0,2,388.26317
14,13,0,0,0,0,0,2,363.769169
10,11,1,0,1,0,0,3,441.260899
4,9,1,0,0,0,0,3,312.53102
8,6,1,0,0,0,0,2,363.256046
4,13,0,0,0,0,0,2,323.460833
15,7,0,0,0,0,1,0,310.781935
0,15,0,1,0,0,0,3,283.952764
8,13,1,0,0,0,0,2,400.666904
1,2,1,0,0,1,1,1,304.655735
11,8,0,0,0,0,0,3,372.737417
14,0,0,0,0,1,0,0,297.887729
5,11,1,0,0,0,1,0,375.817732
6,2,1,1,0,0,0,0,385.905088
6,2,1,1,0,0,0,2,361.061329
3,0,0,0,0,1,0,2,280.04427
0,4,1,1,0,0,0,3,289.157195
9,11,0,0,0,0,0,1,418.784405
8,11,0,1,0,0,0,2,421.028335
7,15,0,0,0,0,0,3,380.269322
12,18,0,0,1,0,0,2,322.186645
8,4,0,0,0,0,0,3,365.095016
7,4,0,1,0,0,0,3,356.222759
8,2,1,0,0,0,0,1,382.020167
8,2,1,0,0,0,0,0,395.873726
9,10,0,0,0,0,0,3,388.165947
9,15,0,0,0,0,0,2,387.249338
16,7,1,0,0,1,0,2,295.257247
16,8,1,1,1,0,0,3,322.30468
18,6,0,0,0,0,0,2,181.150036
18,7,0,0,0,0,0,1,296.757237
16,8,0,1,1,0,0,3,254.878203
10,17,1,0,0,0,0,2,382.033865
6,8,1,1,1,0,0,3,327.622281
13,9,1,0,0,1,0,1,421.111514
15,11,1,0,0,0,1,1,410.361614
7,10,0,0,0,0,1,3,322.598832
7,9,0,0,0,1,0,0,360.230053
8,9,0,0,0,0,0,0,379.122818
15,9,1,0,0,1,0,1,393.221262
18,5,1,0,0,0,0,0,211.542224
19,5,1,0,1,0,0,1,290.928918
16,19,1,0,0,0,1,1,295.012295
17,14,0,1,0,0,0,2,311.711226
15,9,1,0,0,1,0,0,360.09836
15,7,1,0,0,0,1,3,326.045259
15,6,1,1,1,0,0,3,316.056493
3,19,1,0,0,1,1,1,267.253264
18,17,1,0,0,0,0,2,248.627281
18,18,1,1,0,0,0,0,169.295356
19,18,1,0,1,0,0,1,262.905684
0,7,1,1,0,0,0,3,270.216876
9,9,0,0,0,0,0,1,360.854264
14,12,1,1,1,0,0,3,420.925672
12,17,0,0,0,0,0,0,356.923217
18,5,1,0,0,0,0,3,287.306436
18,4,1,0,0,0,0,2,237.037445
9,17,1,0,0,0,0,2,360.524036
12,8,1,0,1,0,0,2,414.613832
9,10,0,0,0,0,0,2,438.116754
8,11,0,1,0,0,0,3,394.049472
8,10,0,0,0,0,0,3,360.804939
8,9,0,0,0,0,0,1,341.123921
5,9,0,0,0,1,0,0,261.546919
14,2,1,1,1,0,0,3,358.795399
14,1,1,0,0,0,0,1,369.183746
14,1,1,0,0,0,0,2,343.997149
4,7,0,0,0,1,0,0,301.767804
9,1,0,0,0,0,0,3,355.450474
13,3,1,0,0,1,1,0,359.296059
18,3,0,0,0,0,0,2,229.649821
18,4,0,0,0,0,0,1,256.185505
4,9,0,0,0,0,0,3,264.47115
8,19,0,0,0,0,1,0,-0.5
9,19,0,0,0,0,1,1,230.501262
1,19,0,0,0,0,1,3,93.30767
6,12,1,1,0,0,0,2,388.957635
8,13,1,0,0,0,0,3,453.758749
9,6,1,0,0,0,0,3,354.58425
8,15,0,0,0,0,0,2,376.515675
17,6,1,1,0,0,0,0,24.622732
18,6,1,0,0,0,0,3,91.76284
16,3,0,0,0,0,1,3,263.14352
16,2,0,1,0,0,0,3,295.409125
18,14,1,0,0,0,0,0,260.973865
19,14,1,0,1,0,0,3,11.125
19,13,1,0,1,0,0,1,125.469411
16,18,1,1,1,0,0,2,281.641208
4,8,1,1,1,0,0,3,296.04009
16,19,1,0,0,0,1,3,299.597507
18,14,1,0,0,0,0,2,310.524184
8,1,0,1,0,0,0,3,353.759574
7,14,0,1,0,0,0,0,402.232758
8,2,1,0,0,0,0,3,382.013835
18,4,1,0,0,0,0,1,198.19057
17,5,0,0,0,0,0,2,280.254268
11,7,1,0,0,1,0,1,406.577617
14,17,0,0,0,1,0,2,281.755734
14,18,0,1,1,0,0,3,308.050811
9,4,1,0,0,0,0,2,358.193146
5,10,0,0,0,0,0,0,360.502314
16,9,1,0,0,0,0,0,41.539044
17,9,1,0,0,1,0,0,-0.75
18,9,1,0,0,0,0,2,-0.75
18,10,1,0,0,0,0,2,48.080963
18,11,1,1,0,0,0,3,-0.875
18,11,1,1,0,0,0,2,66.921161
18,13,0,0,0,0,0,3,245.321893
18,12,0,0,0,0,0,1,300.998922
16,12,0,1,0,0,0,2,332.886242
18,15,0,0,0,0,0,2,273.396707
18,16,0,0,0,0,0,0,262.300005
19,16,0,0,1,0,0,1,276.69887
9,8,0,0,0,0,0,2,323.120109
8,11,1,1,0,0,0,0,449.466186
14,14,0,1,1,0,0,3,386.772474
14,7,0,0,0,1,0,0,332.70172
4,1,0,0,0,0,0,0,323.826755
10,9,1,0,0,0,0,3,396.712627
6,18,1,1,1,0,0,2,308.583863
18,6,0,0,0,0,0,0,95.383984
19,6,0,0,1,0,0,1,212.254565
15,17,0,0,0,0,1,0,308.181433
6,10,0,0,0,0,0,3,281.276391
13,0,0,0,0,1,0,0,322.803253
2,0,0,0,0,1,0,0,247.477459
4,1,0,0,0,0,0,3,279.308111
9,8,1,0,0,0,0,2,398.220282
16,0,1,0,0,1,0,2,278.059243
16,1,1,0,1,0,0,1,357.843814
16,13,0,0,0,0,1,3,329.467862
4,14,0,1,1,0,0,3,336.750027
4,1,1,0,0,0,0,2,318.915559
11,9,0,0,0,0,0,2,427.847632
11,7,1,0,0,1,0,2,393.052989
8,9,0,0,0,0,0,3,-0.5
8,8,0,1,0,0,0,2,352.751419
5,10,0,0,0,0,0,2,336.532001
9,7,1,0,0,0,0,3,358.579747
10,18,0,0,0,0,0,2,373.996618
10,19,0,0,0,0,1,1,307.346779
9,19,0,0,0,0,1,0,349.595549
10,19,0,0,0,0,1,0,24.504865
2,19,0,0,0,0,1,3,253.186518
16,1,0,0,1,0,0,2,266.614263
16,2,0,1,0,0,0,2,286.664045
17,13,1,0,0,0,0,3,39.745654
6,10,0,0,0,0,0,2,356.618681
17,7,0,0,0,0,1,0,276.770194
6,1,1,0,1,0,0,3,328.407342
15,10,0,0,0,0,0,0,345.131875
16,10,1,0,0,0,0,2,257.439263
9,3,1,0,0,0,0,2,364.512246
5,10,0,0,0,0,0,3,270.97717
16,7,0,0,0,1,0,0,294.392481
15,7,0,0,0,0,1,3,312.493392
15,6,0,1,1,0,0,2,328.338488
11,7,1,0,0,1,0,0,408.191349
16,7,1,0,0,1,0,1,342.753071
16,8,1,1,1,0,0,2,237.315185
2,18,0,0,1,0,0,2,209.915748
0,19,0,1,0,0,1,0,241.960876
13,17,0,0,0,1,1,0,334.296686
18,3,0,0,0,0,0,3,121.04568
18,2,0,0,0,0,0,1,219.830999
17,2,0,0,0,1,0,1,269.650342
4,9,0,0,0,0,0,0,186.979941
0,19,1,1,0,0,1,3,272.719419
5,11,1,0,0,0,1,3,366.042027
9,8,0,0,0,0,0,1,338.439684
5,9,0,0,0,1,0,2,303.991979
1,18,0,0,0,0,0,3,277.417198
18,13,0,0,0,0,0,0,147.519241
19,13,0,0,1,0,0,3,-0.5
19,12,0,0,1,0,0,1,-0.5
8,18,0,1,0,0,0,0,363.674729
10,7,1,0,0,0,0,3,386.22335
9,9,0,0,0,0,0,3,364.664464
7,9,0,0,0,1,0,2,225.710086
17,17,0,0,0,0,1,3,292.249777
14,18,0,1,1,0,0,2,257.204909
13,19,0,0,0,1,1,0,147.710047
9,10,1,0,0,0,0,3,382.25219
1,8,0,0,0,0,0,2,300.947153
6,0,1,0,0,1,0,2,326.271213
16,18,0,1,1,0,0,3,258.606263
15,11,1,0,0,0,1,0,228.391689
16,11,1,0,1,0,0,2,245.446123
18,5,0,0,0,0,0,0,116.628628
19,5,0,0,1,0,0,1,210.48828
9,5,0,0,0,0,0,3,368.636498
19,16,0,0,1,0,0,3,-0.5
19,15,0,0,1,0,0,1,118.729199
14,10,0,0,0,0,0,3,389.583025
9,9,1,0,0,0,0,2,420.228419
4,18,0,1,1,0,0,2,202.658526
2,18,0,0,1,0,0,3,290.476505
17,13,0,0,0,0,0,2,242.799994
16,3,0,0,0,0,1,0,264.696691
17,3,0,0,0,0,0,2,252.008528
9,18,0,0,0,0,0,3,372.654272
10,0,1,0,0,1,0,2,397.393045
9,3,1,0,0,0,0,0,400.233162
17,13,1,0,0,0,0,2,289.22231
17,14,1,1,0,0,0,3,316.210995
9,9,0,0,0,0,0,2,302.871976
9,2,1,0,0,0,0,3,374.935838
4,0,0,0,0,1,0,2,304.271682
8,3,1,0,0,0,0,0,406.599946
9,3,1,0,0,0,0,3,401.675311
17,4,0,1,0,0,0,3,267.434634
14,9,0,0,0,0,0,0,159.658605
18,16,0,0,0,0,0,3,287.339097
9,11,1,0,0,0,0,2,473.803559
14,10,0,0,0,0,0,0,353.466657
16,10,0,0,0,0,0,3,45.161814
15,9,0,0,0,1,0,0,176.332376
16,9,0,0,0,0,0,0,-0.5
17,9,0,0,0,1,0,1,30.028709
18,15,1,0,0,0,0,0,249.613756
19,15,1,0,1,0,0,1,305.237988
8,11,0,1,0,0,0,0,447.784879
13,9,0,0,0,1,0,2,349.932645
7,6,1,1,0,0,0,2,327.566017
16,9,1,0,0,0,0,2,181.567371
16,0,1,0,0,1,0,0,267.386519
17,0,1,0,0,1,1,1,316.696659
8,12,0,0,0,0,0,2,394.628898
9,18,0,0,0,0,0,0,390.661681
8,14,0,0,0,0,0,2,375.367933
8,3,1,0,0,0,0,3,287.416454
16,3,1,0,0,0,1,1,251.169584
13,9,0,0,0,1,0,0,391.489156
14,9,0,0,0,0,0,3,82.490864
14,19,0,0,0,0,1,0,141.322447
11,18,0,0,0,0,0,2,349.74375
15,3,0,0,0,1,1,0,288.83021
17,4,1,1,0,0,0,3,249.188864
18,6,0,0,0,0,0,3,221.584609
18,16,1,0,0,0,0,2,238.425921
8,7,0,0,0,0,0,2,304.075299
8,8,0,1,0,0,0,0,364.442747
19,14,1,0,1,0,0,1,286.53006
18,17,0,0,0,0,0,2,50.365958
18,18,0,1,0,0,0,3,107.612542
18,17,0,0,0,0,0,0,50.365957
19,17,0,0,1,0,0,1,107.612542
18,18,0,1,0,0,0,2,-0.5
18,19,0,0,0,0,1,1,-0.5
17,19,0,0,0,1,1,1,-0.5
15,19,0,0,0,1,1,0,25.909594
8,10,0,0,0,0,0,2,419.594521
8,9,0,0,0,0,0,2,379.809414
6,9,0,0,0,0,0,2,254.558935
19,19,1,0,1,0,1,3,217.606531
15,10,0,0,0,0,0,2,363.526379
16,11,1,0,1,0,0,3,274.415989
16,19,0,0,0,0,1,3,56.12546
6,18,0,1,1,0,0,2,32.531713
6,19,0,0,0,0,1,0,134.078632
5,19,0,0,0,1,1,0,173.939991
17,12,1,0,0,1,0,1,17.534374
2,19,0,0,0,0,1,0,206.056202
8,7,0,0,0,0,0,3,327.597904
17,14,1,1,0,0,0,2,319.943091
16,10,1,0,0,0,0,0,325.599989
17,10,1,0,0,0,1,1,371.21702
16,1,1,0,1,0,0,3,160.374061
14,8,1,1,1,0,0,3,350.181669
8,19,0,0,0,0,1,3,244.666228
18,15,0,0,0,0,0,0,55.89637
19,15,0,0,1,0,0,3,-0.5
19,14,0,0,1,0,0,1,217.241449
18,14,0,0,0,0,0,1,310.143109
17,13,1,0,0,0,0,1,349.483057
5,1,1,0,0,0,1,0,336.602714
18,5,0,0,0,0,0,3,150.09632
18,17,1,0,0,0,0,0,267.721219
19,17,1,0,1,0,0,1,286.121316
18,15,0,0,0,0,0,3,182.983521
9,0,1,0,0,1,0,2,277.025976
16,13,0,0,0,0,1,0,313.468756
17,4,1,1,0,0,0,2,243.444517
17,3,0,0,0,0,0,3,72.816322
8,8,0,1,0,0,0,3,170.551469
19,18,1,0,1,0,0,2,159.414755
4,2,0,1,1,0,0,3,292.074589
5,1,1,0,0,0,1,1,308.337823
9,10,1,0,0,0,0,2,438.186595
18,18,1,1,0,0,0,2,253.889705
16,12,0,1,0,0,0,0,288.967431
17,7,1,0,0,0,1,1,321.970749
19,18,1,0,1,0,0,3,98.54581
7,19,0,0,0,1,1,0,185.966397
8,12,0,0,0,0,0,3,412.834823
14,7,1,0,0,1,0,2,369.769731
9,11,0,0,0,0,0,3,311.181434
17,3,1,0,0,0,0,3,-0.75
17,2,1,0,0,1,0,1,-0.5
19,17,1,0,1,0,0,2,88.257929
9,6,1,0,0,0,0,2,360.234952
9,18,0,0,0,0,0,2,320.862786
16,9,1,0,0,0,0,3,285.935953
18,7,0,0,0,0,0,3,130.412552
16,0,0,0,0,1,0,2,147.971049
9,6,1,0,0,0,0,0,383.304115
16,11,0,0,1,0,0,2,325.594194
18,7,0,0,0,0,0,2,63.329209
18,8,0,1,0,0,0,3,134.903597
3,19,0,0,0,1,1,0,205.324957
4,19,0,0,0,0,1,0,135.505384
9,9,1,0,0,0,0,3,375.848933
8,1,1,1,0,0,0,3,333.552625
17,3,0,0,0,0,0,0,236.84574
16,10,0,0,0,0,0,2,266.285969
12,19,0,0,0,0,1,0,150.995886
17,0,1,0,0,1,1,0,-0.75
18,0,1,0,0,1,0,2,-0.875
18,1,1,1,0,0,0,2,110.567614
18,2,1,0,0,0,0,3,-0.5
18,2,1,0,0,0,0,2,269.073703
17,14,0,1,0,0,0,0,236.444926
17,12,1,0,0,1,0,2,138.235081
17,9,1,0,0,1,0,2,89.292724
8,0,1,0,0,1,0,0,154.177938
17,4,0,1,0,0,0,0,229.970163
9,1,1,0,0,0,0,3,168.108638
17,2,0,0,0,1,0,0,78.029404
18,4,0,0,0,0,0,2,128.623937
18,7,1,0,0,0,0,0,-0.5
19,7,1,0,1,0,0,1,4.903125
6,19,0,0,0,0,1,3,225.782375
18,13,0,0,0,0,0,2,255.195381
17,2,1,0,0,1,0,0,71.352882
0,18,0,1,0,0,0,0,211.574578
18,12,1,0,0,0,0,3,7.723437
18,4,1,0,0,0,0,0,-0.5
19,4,1,0,1,0,0,1,149.631098
19,3,0,0,1,0,0,2,-0.5
19,4,0,0,1,0,0,1,122.466377
17,12,0,0,0,1,0,0,106.805436
18,12,0,0,0,0,0,2,161.154885
16,2,0,1,0,0,0,0,117.062327
9,1,1,0,0,0,0,2,197.521171
18,7,0,0,0,0,0,0,-0.5
19,7,0,0,1,0,0,1,139.470689
18,14,0,0,0,0,0,0,67.963959
9,19,0,0,0,0,1,3,270.659262
18,12,1,0,0,0,0,1,65.161664
18,8,0,1,0,0,0,2,-0.5
18,9,0,0,0,0,0,2,-0.5
18,10,0,0,0,0,0,1,-0.5
17,10,0,0,0,0,1,1,259.800544
17,10,1,0,0,0,1,0,13.479629
19,13,0,0,1,0,0,1,272.022514
18,7,1,0,0,0,0,3,91.691048
18,6,1,0,0,0,0,0,-0.5
19,6,1,0,1,0,0,1,91.691048
15,11,1,0,0,0,1,3,198.581224
19,17,0,0,1,0,0,3,136.522565
18,1,1,1,0,0,0,3,-0.5
16,10,0,0,0,0,0,0,81.8073
19,12,1,0,1,0,0,2,106.57094
